Date,horizon,fold,actual_return,predicted_return_lstm,predicted_return_naive,actual_direction,predicted_direction_lstm,predicted_direction_naive,seed
2024-07-30,7d,1,-0.15357316081583905,-0.007874861359596252,0.0,0,0,0,42
2024-07-31,7d,1,-0.1484354749165303,-0.01671920344233513,0.0,0,0,0,42
2024-08-01,7d,1,-0.055806346345101954,-0.021778222173452377,0.0,0,0,0,42
2024-08-02,7d,1,-0.008710454230585363,-0.03603985160589218,0.0,0,0,0,42
2024-08-03,7d,1,0.004379010208763967,-0.019924987107515335,0.0,1,0,0,42
2024-08-04,7d,1,0.010367156864260707,-0.017913945019245148,0.0,1,0,0,42
2024-08-05,7d,1,0.09933161445607741,0.04457080364227295,0.0,1,1,0,42
2024-08-06,7d,1,0.08165085778559944,0.08121220022439957,0.0,1,1,0,42
2024-08-07,7d,1,0.06741740452032818,0.04920361191034317,0.0,1,1,0,42
2024-08-08,7d,1,-0.06725052451940283,0.03917264938354492,0.0,0,1,0,42
2024-08-09,7d,1,-0.03262161821751497,-0.008149843662977219,0.0,0,0,0,42
2024-08-10,7d,1,-0.024067934835555804,-0.0213650930672884,0.0,0,0,0,42
2024-08-11,7d,1,-0.004010926420026095,-0.02008199505507946,0.0,0,0,0,42
2024-08-12,7d,1,0.0023408075786146565,-0.007982810959219933,0.0,1,0,0,42
2024-08-13,7d,1,-0.026345237759947793,0.006073895841836929,0.0,0,1,0,42
2024-08-14,7d,1,0.04150553633929044,0.019929805770516396,0.0,1,1,0,42
2024-08-15,7d,1,0.049023829373986416,0.027943080291152,0.0,1,1,0,42
2024-08-16,7d,1,0.08829831030813984,0.024208324030041695,0.0,1,1,0,42
2024-08-17,7d,1,0.07901985056825156,0.01599595881998539,0.0,1,1,0,42
2024-08-18,7d,1,0.10002020452320837,0.01843264140188694,0.0,1,1,0,42
2024-08-19,7d,1,0.05693411381136748,0.03385266661643982,0.0,1,1,0,42
2024-08-20,7d,1,0.008325988637924553,0.04270320385694504,0.0,1,1,0,42
2024-08-21,7d,1,-0.03510518491047321,0.04757947474718094,0.0,0,1,0,42
2024-08-22,7d,1,-0.01645748384145962,0.043507009744644165,0.0,0,1,0,42
2024-08-23,7d,1,-0.07761805029267455,0.042296186089515686,0.0,0,1,0,42
2024-08-24,7d,1,-0.08116509113732329,0.03792108595371246,0.0,0,1,0,42
2024-08-25,7d,1,-0.10893313758429501,0.03823559731245041,0.0,0,1,0,42
2024-08-26,7d,1,-0.05992589260571657,0.036464229226112366,0.0,0,1,0,42
2024-08-27,7d,1,-0.03483975443407361,0.03893870860338211,0.0,0,1,0,42
2024-08-28,7d,1,-0.01789138454240702,0.04293415695428848,0.0,0,1,0,42
2024-08-29,7d,1,-0.054349054361222726,0.04191456735134125,0.0,0,1,0,42
2024-08-30,7d,1,-0.08746225367512528,0.042622096836566925,0.0,0,1,0,42
2024-08-31,7d,1,-0.08190977202749228,0.06056046485900879,0.0,0,1,0,42
2024-09-01,7d,1,-0.04333014771393473,0.07824306935071945,0.0,0,1,0,42
2024-09-02,7d,1,-0.03540614935971842,0.11624481528997421,0.0,0,1,0,42
2024-09-03,7d,1,0.003790416520034645,0.10526258498430252,0.0,1,1,0,42
2024-09-04,7d,1,-0.010839235901992317,0.11728575080633163,0.0,0,1,0,42
2024-09-05,7d,1,0.03501613852877683,0.10805877298116684,0.0,1,1,0,42
2024-09-06,7d,1,0.1227562528415096,0.11371054500341415,0.0,1,1,0,42
2024-09-07,7d,1,0.1083388889850907,0.12016084045171738,0.0,1,1,0,42
2024-09-08,7d,1,0.07916020303087556,0.1026647612452507,0.0,1,1,0,42
2024-09-09,7d,1,0.020571417375391032,0.09242352843284607,0.0,1,1,0,42
2024-09-10,7d,1,0.046138553347422784,0.11026471108198166,0.0,1,1,0,42
2024-09-11,7d,1,0.07510062090544234,0.10652812570333481,0.0,1,1,0,42
2024-09-12,7d,1,0.08280909632495925,0.07995765656232834,0.0,1,1,0,42
2024-09-13,7d,1,0.04328247449593392,0.04859574884176254,0.0,1,1,0,42
2024-09-14,7d,1,0.05649049094833125,0.018477266654372215,0.0,1,1,0,42
2024-09-15,7d,1,0.0754589557809664,0.0066504329442977905,0.0,1,1,0,42
2024-09-16,7d,1,0.08828100320581966,0.01913142018020153,0.0,1,1,0,42
2024-09-17,7d,1,0.06621665438390845,0.007721200585365295,0.0,1,1,0,42
2024-09-18,7d,1,0.024225021951781667,-0.01576065830886364,0.0,1,0,0,42
2024-09-19,7d,1,0.03559812886149771,-0.020881928503513336,0.0,1,0,0,42
2024-09-20,7d,1,0.04110721857564026,-0.012777779251337051,0.0,1,0,0,42
2024-09-21,7d,1,0.039321947967595694,0.0004033353179693222,0.0,1,1,0,42
2024-09-22,7d,1,0.031211845781931702,0.01257249154150486,0.0,1,1,0,42
2024-09-23,7d,1,-4.749442541918114e-06,0.01282915286719799,0.0,0,1,0,42
2024-09-24,7d,1,-0.05388576749448282,0.019633973017334938,0.0,0,1,0,42
2024-09-25,7d,1,-0.039756641732620834,0.02174699492752552,0.0,0,1,0,42
2024-09-26,7d,1,-0.06783596235987266,0.030239390209317207,0.0,0,1,0,42
2024-09-27,7d,1,-0.056591426048884896,0.037035077810287476,0.0,0,1,0,42
2024-09-28,7d,2,-0.057639015943214855,-0.009997602552175522,0.0,0,0,0,42
2024-09-29,7d,2,-0.04290909558368161,-0.005617942661046982,0.0,0,0,0,42
2024-09-30,7d,2,-0.017256410420893875,0.0023448318243026733,0.0,0,1,0,42
2024-10-01,7d,2,0.021285743399660273,0.005875736474990845,0.0,1,1,0,42
2024-10-02,7d,2,-0.0008359106978079733,-0.0010552741587162018,0.0,0,0,0,42
2024-10-03,7d,2,-0.007980696403276588,-0.022827021777629852,0.0,0,0,0,42
2024-10-04,7d,2,0.006083915476566171,-0.03348185494542122,0.0,1,0,0,42
2024-10-05,7d,2,0.017765745223333074,-0.0330609567463398,0.0,1,0,0,42
2024-10-06,7d,2,0.0005161161303577355,-0.021010980010032654,0.0,1,0,0,42
2024-10-07,7d,2,0.061209339225241965,-0.008010882884263992,0.0,1,0,0,42
2024-10-08,7d,2,0.07901150927235023,0.004669705405831337,0.0,1,1,0,42
2024-10-09,7d,2,0.11605106138892873,0.022985462099313736,0.0,1,1,0,42
2024-10-10,7d,2,0.11821476640204409,0.03455803543329239,0.0,1,1,0,42
2024-10-11,7d,2,0.09566323362969587,0.023307358846068382,0.0,1,1,0,42
2024-10-12,7d,2,0.081808254397149,0.023416390642523766,0.0,1,1,0,42
2024-10-13,7d,2,0.09785510857956559,0.009411163628101349,0.0,1,1,0,42
2024-10-14,7d,2,0.020012174257006077,0.018698543310165405,0.0,1,1,0,42
2024-10-15,7d,2,0.0047776189562793725,0.01802549697458744,0.0,1,1,0,42
2024-10-16,7d,2,-0.017460079395195116,0.008177535608410835,0.0,0,1,0,42
2024-10-17,7d,2,0.011294074227508277,0.005135990679264069,0.0,1,1,0,42
2024-10-18,7d,2,-0.025963262787029096,0.005998259410262108,0.0,0,1,0,42
2024-10-19,7d,2,-0.019718916670380726,0.010558204725384712,0.0,0,1,0,42
2024-10-20,7d,2,-0.015541735948999436,0.017184758558869362,0.0,0,1,0,42
2024-10-21,7d,2,0.03770205210780131,0.024635449051856995,0.0,1,1,0,42
2024-10-22,7d,2,0.07955721585755948,0.034003354609012604,0.0,1,1,0,42
2024-10-23,7d,2,0.08892290435701544,0.037715621292591095,0.0,1,1,0,42
2024-10-24,7d,2,0.03013645874345161,0.0392192080616951,0.0,1,1,0,42
2024-10-25,7d,2,0.04261632366493329,0.03961195796728134,0.0,1,1,0,42
2024-10-26,7d,2,0.03394148275080999,0.04588639736175537,0.0,1,1,0,42
2024-10-27,7d,2,0.011950960040023162,0.04722890630364418,0.0,1,1,0,42
2024-10-28,7d,2,-0.029985942413177757,0.05564253777265549,0.0,0,1,0,42
2024-10-29,7d,2,-0.046217092134556714,0.061581727117300034,0.0,0,1,0,42
2024-10-30,7d,2,0.04561183420935633,0.056475214660167694,0.0,1,1,0,42
2024-10-31,7d,2,0.08103192596331099,0.04717426002025604,0.0,1,1,0,42
2024-11-01,7d,2,0.1016516531373246,0.03828725218772888,0.0,1,1,0,42
2024-11-02,7d,2,0.10809167679836817,0.01631760597229004,0.0,1,1,0,42
2024-11-03,7d,2,0.1706848941732586,-0.011796034872531891,0.0,1,0,0,42
2024-11-04,7d,2,0.3080594612386609,-0.025211498141288757,0.0,1,0,0,42
2024-11-05,7d,2,0.2681137153943265,-0.018771037459373474,0.0,1,0,0,42
2024-11-06,7d,2,0.19758418938953715,-0.022109944373369217,0.0,1,0,0,42
2024-11-07,7d,2,0.14947093514063958,-0.025272969156503677,0.0,1,0,0,42
2024-11-08,7d,2,0.18969809715854158,-0.022964205592870712,0.0,1,0,0,42
2024-11-09,7d,2,0.17947138164137155,-0.020797371864318848,0.0,1,0,0,42
2024-11-10,7d,2,0.11645552883028487,-0.02399396523833275,0.0,1,0,0,42
2024-11-11,7d,2,0.02075676932548509,-0.045934390276670456,0.0,1,0,0,42
2024-11-12,7d,2,0.04988842053502718,-0.012838825583457947,0.0,1,0,0,42
2024-11-13,7d,2,0.041456784018108817,0.016300369054079056,0.0,1,1,0,42
2024-11-14,7d,2,0.12898844069088122,0.04168721288442612,0.0,1,1,0,42
2024-11-15,7d,2,0.08709788032358734,0.05770697444677353,0.0,1,1,0,42
2024-11-16,7d,2,0.07971429027428334,0.049906838685274124,0.0,1,1,0,42
2024-11-17,7d,2,0.09091091695333398,0.03468521311879158,0.0,1,1,0,42
2024-11-18,7d,2,0.028270174498237877,0.02747741900384426,0.0,1,1,0,42
2024-11-19,7d,2,-0.003881893450975671,-0.006824556738138199,0.0,0,0,0,42
2024-11-20,7d,2,0.01720423785273506,-0.04032817855477333,0.0,1,0,0,42
2024-11-21,7d,2,-0.028955542663125722,-0.0691853016614914,0.0,0,0,0,42
2024-11-22,7d,2,-0.01551693809694532,-0.0862075686454773,0.0,0,0,0,42
2024-11-23,7d,2,-0.013584204280582823,-0.0901603251695633,0.0,0,0,0,42
2024-11-24,7d,2,-0.007489058661928172,-0.09372818470001221,0.0,0,0,0,42
2024-11-25,7d,2,0.029677117592594282,-0.08589266240596771,0.0,1,0,0,42
2024-11-26,7d,2,0.043668312904207474,-0.0695560872554779,0.0,1,0,0,42
2024-11-27,7d,3,0.029240579249518284,0.011149421334266663,0.0,1,1,0,42
2024-11-28,7d,3,0.009838758735644326,0.01725716143846512,0.0,1,1,0,42
2024-11-29,7d,3,0.025232393392424557,0.022783897817134857,0.0,1,1,0,42
2024-11-30,7d,3,0.03602193159131373,0.011101700365543365,0.0,1,1,0,42
2024-12-01,7d,3,0.0406685355779115,-0.000602133572101593,0.0,1,0,0,42
2024-12-02,7d,3,0.016350170352135596,-0.04467976838350296,0.0,1,0,0,42
2024-12-03,7d,3,0.007013025503900927,-0.040880635380744934,0.0,1,0,0,42
2024-12-04,7d,3,0.02434479858684746,-0.05106126517057419,0.0,1,0,0,42
2024-12-05,7d,3,0.03571075876313912,-0.07684769481420517,0.0,1,0,0,42
2024-12-06,7d,3,0.015397677424076273,-0.07884784787893295,0.0,1,0,0,42
2024-12-07,7d,3,0.014507450125631483,-0.09544609487056732,0.0,1,0,0,42
2024-12-08,7d,3,0.030252866715387405,-0.10421927273273468,0.0,1,0,0,42
2024-12-09,7d,3,0.08823524695086071,-0.1056770607829094,0.0,1,0,0,42
2024-12-10,7d,3,0.09790669568882016,-0.08665706217288971,0.0,1,0,0,42
2024-12-11,7d,3,-0.011183733189767397,-0.04854452237486839,0.0,0,0,0,42
2024-12-12,7d,3,-0.025509499665144042,-0.03080885484814644,0.0,0,0,0,42
2024-12-13,7d,3,-0.03650064276878384,0.014639772474765778,0.0,0,1,0,42
2024-12-14,7d,3,-0.040920594894780615,0.02426404505968094,0.0,0,1,0,42
2024-12-15,7d,3,-0.08814834917113434,0.03303755819797516,0.0,0,1,0,42
2024-12-16,7d,3,-0.10698393522334981,0.049224041402339935,0.0,0,1,0,42
2024-12-17,7d,3,-0.07032660172087479,0.05272812396287918,0.0,0,1,0,42
2024-12-18,7d,3,-0.00742035515403483,0.047126151621341705,0.0,0,1,0,42
2024-12-19,7d,3,-0.0173907162219058,0.04598469287157059,0.0,0,1,0,42
2024-12-20,7d,3,-0.03673506378569269,0.033523522317409515,0.0,0,1,0,42
2024-12-21,7d,3,-0.02119622186517789,0.013021238148212433,0.0,0,1,0,42
2024-12-22,7d,3,-0.016557614976614676,-0.013383306562900543,0.0,0,0,0,42
2024-12-23,7d,3,-0.021576854279995006,-0.060645122081041336,0.0,0,0,0,42
2024-12-24,7d,3,-0.053172865134824,-0.09636442363262177,0.0,0,0,0,42
2024-12-25,7d,3,-0.049138741604543124,-0.13678351044654846,0.0,0,0,0,42
2024-12-26,7d,3,0.011392593566406761,-0.15983085334300995,0.0,1,0,0,42
2024-12-27,7d,3,0.04186880688473393,-0.15932300686836243,0.0,1,0,0,42
2024-12-28,7d,3,0.032284258175222735,-0.15243186056613922,0.0,1,0,0,42
2024-12-29,7d,3,0.051157091678834865,-0.15188905596733093,0.0,1,0,0,42
2024-12-30,7d,3,0.1018409757663199,-0.13134372234344482,0.0,1,0,0,42
2024-12-31,7d,3,0.0373919490175465,-0.1067793220281601,0.0,1,0,0,42
2025-01-01,7d,3,0.006606304013601516,-0.09020426869392395,0.0,1,0,0,42
2025-01-02,7d,3,-0.04544305859281761,-0.0863475352525711,0.0,0,0,0,42
2025-01-03,7d,3,-0.03471680558087198,-0.09395098686218262,0.0,0,0,0,42
2025-01-04,7d,3,-0.03735518902657875,-0.09890482574701309,0.0,0,0,0,42
2025-01-05,7d,3,-0.03892106960132513,-0.09868062287569046,0.0,0,0,0,42
2025-01-06,7d,3,-0.07407625672595164,-0.09703879058361053,0.0,0,0,0,42
2025-01-07,7d,3,-0.004009960901510956,-0.09570610523223877,0.0,0,0,0,42
2025-01-08,7d,3,0.05745755789021323,-0.06275659799575806,0.0,1,0,0,42
2025-01-09,7d,3,0.07863916045648756,-0.03678131848573685,0.0,1,0,0,42
2025-01-10,7d,3,0.10306690779725036,-0.02796296775341034,0.0,1,0,0,42
2025-01-11,7d,3,0.1040692719515448,-0.03691209480166435,0.0,1,0,0,42
2025-01-12,7d,3,0.0698622185915605,-0.023203127086162567,0.0,1,0,0,42
2025-01-13,7d,3,0.07935269254755806,-0.016395755112171173,0.0,1,0,0,42
2025-01-14,7d,3,0.09957335324858674,-0.022298157215118408,0.0,1,0,0,42
2025-01-15,7d,3,0.03132773527302679,-0.035434290766716,0.0,1,0,0,42
2025-01-16,7d,3,0.04213508400577526,-0.044949814677238464,0.0,1,0,0,42
2025-01-17,7d,3,0.0034217723079876805,-0.03939981386065483,0.0,1,0,0,42
2025-01-18,7d,3,0.002936345093654147,-0.03409215435385704,0.0,1,0,0,42
2025-01-19,7d,3,0.015757214167195333,-0.02322068065404892,0.0,1,0,0,42
2025-01-20,7d,3,0.0006961944712924328,-0.0024222582578659058,0.0,1,0,0,42
2025-01-21,7d,3,-0.04535052678637275,0.004927322268486023,0.0,0,1,0,42
2025-01-22,7d,3,0.00048373506784549214,3.571063280105591e-05,0.0,1,1,0,42
2025-01-23,7d,3,0.007456055511643411,0.0027937591075897217,0.0,1,1,0,42
2025-01-24,7d,3,-0.023034466844561785,0.005594022572040558,0.0,0,1,0,42
2025-01-25,7d,3,-0.03876002305372306,-0.004742540419101715,0.0,0,0,0,42
2025-01-26,7d,4,-0.04863071543349651,0.0413508415222168,0.0,0,1,0,42
2025-01-27,7d,4,-0.006683133311252587,0.033544979989528656,0.0,0,1,0,42
2025-01-28,7d,4,-0.03415150174352577,0.04358750581741333,0.0,0,1,0,42
2025-01-29,7d,4,-0.0683466361448698,0.012301137670874596,0.0,0,1,0,42
2025-01-30,7d,4,-0.0777389041526485,-0.014683026820421219,0.0,0,0,0,42
2025-01-31,7d,4,-0.05737938728744307,-0.027857733890414238,0.0,0,0,0,42
2025-02-01,7d,4,-0.04146257562506428,-0.02402583323419094,0.0,0,0,0,42
2025-02-02,7d,4,-0.012170081562266843,-0.027450410649180412,0.0,0,0,0,42
2025-02-03,7d,4,-0.039128747892702376,-0.011826498433947563,0.0,0,0,0,42
2025-02-04,7d,4,-0.021705845648082644,-0.0216944832354784,0.0,0,0,0,42
2025-02-05,7d,4,0.013149181876571436,-0.019558565691113472,0.0,1,0,0,42
2025-02-06,7d,4,0.00031648482336787964,0.0003661171067506075,0.0,1,1,0,42
2025-02-07,7d,4,0.010151166386620947,0.003732383484020829,0.0,1,1,0,42
2025-02-08,7d,4,0.011379255003783895,-0.012521166354417801,0.0,1,0,0,42
2025-02-09,7d,4,-0.0033685200435362717,-0.018450701609253883,0.0,0,0,0,42
2025-02-10,7d,4,-0.017079368220367375,-0.017493369057774544,0.0,0,0,0,42
2025-02-11,7d,4,-0.0021711581520097445,-0.016686761751770973,0.0,0,0,0,42
2025-02-12,7d,4,-0.012772529229276075,-0.006611371412873268,0.0,0,0,0,42
2025-02-13,7d,4,0.017698218486552397,-0.009048158302903175,0.0,1,0,0,42
2025-02-14,7d,4,-0.014187637226960259,-0.014906020835042,0.0,0,0,0,42
2025-02-15,7d,4,-0.010274545376666722,-0.02170354314148426,0.0,0,0,0,42
2025-02-16,7d,4,0.0010282359539135477,-0.030655065551400185,0.0,1,0,0,42
2025-02-17,7d,4,-0.04547412662687711,-0.036675237119197845,0.0,0,0,0,42
2025-02-18,7d,4,-0.07121004047571267,-0.04171529412269592,0.0,0,0,0,42
2025-02-19,7d,4,-0.1271641583985199,-0.04876439645886421,0.0,0,0,0,42
2025-02-20,7d,4,-0.13860637826589628,-0.06303363293409348,0.0,0,0,0,42
2025-02-21,7d,4,-0.12226238959953906,-0.07162290066480637,0.0,0,0,0,42
2025-02-22,7d,4,-0.10919536743101999,-0.05548139661550522,0.0,0,0,0,42
2025-02-23,7d,4,-0.02103965718909795,-0.060380320996046066,0.0,0,0,0,42
2025-02-24,7d,4,-0.05854962848435319,-0.06058039516210556,0.0,0,0,0,42
2025-02-25,7d,4,-0.017061549202648685,-0.02626791037619114,0.0,0,0,0,42
2025-02-26,7d,4,0.0744132846270602,-0.013956127688288689,0.0,1,0,0,42
2025-02-27,7d,4,0.06206892162719524,-0.027159644290804863,0.0,1,0,0,42
2025-02-28,7d,4,0.028085570538934013,-0.05019088834524155,0.0,1,0,0,42
2025-03-01,7d,4,0.0014259788223573988,-0.05726225674152374,0.0,1,0,0,42
2025-03-02,7d,4,-0.14480160420577648,-0.0700671449303627,0.0,0,0,0,42
2025-03-03,7d,4,-0.08753399248357407,-0.05477545037865639,0.0,0,0,0,42
2025-03-04,7d,4,-0.049987097428344174,0.0031090641859918833,0.0,0,1,0,42
2025-03-05,7d,4,-0.07615241483140767,0.01891184411942959,0.0,0,1,0,42
2025-03-06,7d,4,-0.09887564164656482,0.00950690172612667,0.0,0,1,0,42
2025-03-07,7d,4,-0.03197469310718071,0.01966928131878376,0.0,0,1,0,42
2025-03-08,7d,4,-0.021025975472143688,0.0399308018386364,0.0,0,1,0,42
2025-03-09,7d,4,0.024548671586798188,0.03411443904042244,0.0,1,1,0,42
2025-03-10,7d,4,0.07059144679875717,0.017772117629647255,0.0,1,1,0,42
2025-03-11,7d,4,-0.0017343362658811534,0.0114738205447793,0.0,0,1,0,42
2025-03-12,7d,4,0.037407775066061966,0.02031760849058628,0.0,1,1,0,42
2025-03-13,7d,4,0.0382461857702443,0.01791815087199211,0.0,1,1,0,42
2025-03-14,7d,4,0.0008829512716033161,0.023574288934469223,0.0,1,1,0,42
2025-03-15,7d,4,-0.00605414009257943,0.01755904220044613,0.0,0,1,0,42
2025-03-16,7d,4,0.042076781896274396,0.017786042764782906,0.0,1,1,0,42
2025-03-17,7d,4,0.04071601035079264,0.006113428622484207,0.0,1,1,0,42
2025-03-18,7d,4,0.057462395050683845,-0.025193728506565094,0.0,1,0,0,42
2025-03-19,7d,4,0.0005371788092134455,-0.051422230899333954,0.0,1,0,0,42
2025-03-20,7d,4,0.035761037763283765,-0.07883964478969574,0.0,1,0,0,42
2025-03-21,7d,4,0.003687461858130181,-0.08113313466310501,0.0,1,0,0,42
2025-03-22,7d,4,-0.014730548029282309,-0.08566778898239136,0.0,0,0,0,42
2025-03-23,7d,4,-0.04322675706493717,-0.08810970932245255,0.0,0,0,0,42
2025-03-24,7d,4,-0.05657213067197886,-0.09733060747385025,0.0,0,0,0,42
2025-03-25,7d,4,-0.026323155577634094,-0.07998592406511307,0.0,0,0,0,42
2025-03-26,7d,4,-0.05080698529296079,-0.06961324065923691,0.0,0,0,0,42
2025-03-27,7d,5,-0.046735591852397396,-0.05085011571645737,0.0,0,0,0,42
2025-03-28,7d,5,-0.0060382304565358424,-0.04532970115542412,0.0,0,0,0,42
2025-03-29,7d,5,0.010983504265929422,-0.01618427038192749,0.0,1,0,0,42
2025-03-30,7d,5,-0.05004023695634208,0.009070038795471191,0.0,0,1,0,42
2025-03-31,7d,5,-0.0401407839537562,0.015109993517398834,0.0,0,1,0,42
2025-04-01,7d,5,-0.10446524903468779,-0.0013118982315063477,0.0,0,0,0,42
2025-04-02,7d,5,0.0010697875607432739,-0.0374295711517334,0.0,1,0,0,42
2025-04-03,7d,5,-0.04183597091028601,-0.04379790276288986,0.0,0,0,0,42
2025-04-04,7d,5,-0.005235553797160231,-0.06315295398235321,0.0,0,0,0,42
2025-04-05,7d,5,0.02134383372811488,-0.07224210351705551,0.0,1,0,0,42
2025-04-06,7d,5,0.06994218821761544,-0.07003364711999893,0.0,1,0,0,42
2025-04-07,7d,5,0.0669783831255053,-0.02013864368200302,0.0,1,0,0,42
2025-04-08,7d,5,0.09698242616623687,-0.003750517964363098,0.0,1,0,0,42
2025-04-09,7d,5,0.017680079580179253,0.01684771478176117,0.0,1,1,0,42
2025-04-10,7d,5,0.06617938950246582,0.017872348427772522,0.0,1,1,0,42
2025-04-11,7d,5,0.012540864546317199,0.026326961815357208,0.0,1,1,0,42
2025-04-12,7d,5,-0.0026228502072502824,0.030436180531978607,0.0,0,1,0,42
2025-04-13,7d,5,0.01779683984123115,0.03390933573246002,0.0,1,1,0,42
2025-04-14,7d,5,0.0352073747027426,0.03264033794403076,0.0,1,1,0,42
2025-04-15,7d,5,0.11680430446203038,0.024424239993095398,0.0,1,1,0,42
2025-04-16,7d,5,0.11501603473673883,0.02011542022228241,0.0,1,1,0,42
2025-04-17,7d,5,0.10657832547565693,0.011278152465820312,0.0,1,1,0,42
2025-04-18,7d,5,0.12160565373535248,0.0026640519499778748,0.0,1,1,0,42
2025-04-19,7d,5,0.11266319052229146,-0.0028501972556114197,0.0,1,0,0,42
2025-04-20,7d,5,0.10074093465137812,-0.012213282287120819,0.0,1,0,0,42
2025-04-21,7d,5,0.08523693987549108,-0.02074422687292099,0.0,1,0,0,42
2025-04-22,7d,5,0.009020562746131722,-0.026964601129293442,0.0,1,0,0,42
2025-04-23,7d,5,0.005423777540574992,-0.020581837743520737,0.0,1,0,0,42
2025-04-24,7d,5,0.027128337870897967,-0.010523036122322083,0.0,1,0,0,42
2025-04-25,7d,5,0.02311611860684848,-0.0018989592790603638,0.0,1,0,0,42
2025-04-26,7d,5,0.013152747707825707,0.006280757486820221,0.0,1,1,0,42
2025-04-27,7d,5,0.005985107436115911,0.0108126699924469,0.0,1,1,0,42
2025-04-28,7d,5,-0.00242891502046505,0.013701215386390686,0.0,0,1,0,42
2025-04-29,7d,5,0.026703008248033067,0.014574363827705383,0.0,1,1,0,42
2025-04-30,7d,5,0.029987139400670104,0.01544211059808731,0.0,1,1,0,42
2025-05-01,7d,5,0.06994467420056605,0.013153761625289917,0.0,1,1,0,42
2025-05-02,7d,5,0.06254026264201618,-6.938725709915161e-05,0.0,1,0,0,42
2025-05-03,7d,5,0.09181735598799112,-0.01179136335849762,0.0,1,0,0,42
2025-05-04,7d,5,0.10380407614199116,-0.0168260857462883,0.0,1,0,0,42
2025-05-05,7d,5,0.08511940919631344,-0.005826860666275024,0.0,1,0,0,42
2025-05-06,7d,5,0.07610689518613012,-0.0003031492233276367,0.0,1,0,0,42
2025-05-07,7d,5,0.06706109602494714,-0.015483126044273376,0.0,1,0,0,42
2025-05-08,7d,5,0.004873814094946027,-0.008838705718517303,0.0,1,0,0,42
2025-05-09,7d,5,0.00503479860691769,-0.00265716016292572,0.0,1,0,0,42
2025-05-10,7d,5,-0.014377220428426596,-0.009366750717163086,0.0,0,0,0,42
2025-05-11,7d,5,0.022473636111626893,-0.03074529767036438,0.0,1,0,0,42
2025-05-12,7d,5,0.027168041356656625,-0.023156464099884033,0.0,1,0,0,42
2025-05-13,7d,5,0.025163465063354984,-0.011721700429916382,0.0,1,0,0,42
2025-05-14,7d,5,0.05928818622437326,0.004157796502113342,0.0,1,1,0,42
2025-05-15,7d,5,0.07642458036612432,0.025992661714553833,0.0,1,1,0,42
2025-05-16,7d,5,0.036704357010376,0.04098927229642868,0.0,1,1,0,42
2025-05-17,7d,5,0.04457817524360719,0.04577822983264923,0.0,1,1,0,42
2025-05-18,7d,5,0.0243257860554158,0.039153143763542175,0.0,1,1,0,42
2025-05-19,7d,5,0.03630646910385149,0.017099469900131226,0.0,1,1,0,42
2025-05-20,7d,5,0.020634256765491132,0.011700272560119629,0.0,1,1,0,42
2025-05-21,7d,5,-0.01710232374661247,0.0008451938629150391,0.0,0,1,0,42
2025-05-22,7d,5,-0.05401044341123451,0.007254570722579956,0.0,0,1,0,42
2025-05-23,7d,5,-0.030657974702679835,0.02121252566576004,0.0,0,1,0,42
2025-05-24,7d,5,-0.029251588068014645,0.0364220067858696,0.0,0,1,0,42
2025-05-25,7d,5,-0.031029274468653778,0.037453122437000275,0.0,0,1,0,42
2025-05-26,7d,6,-0.0325184941256893,0.02252677083015442,0.0,0,1,0,42
2025-05-27,7d,6,-0.03268208284897034,0.018920913338661194,0.0,0,1,0,42
2025-05-28,7d,6,-0.028481237867514775,0.013194277882575989,0.0,0,1,0,42
2025-05-29,7d,6,-0.03848671937773185,0.00937633216381073,0.0,0,1,0,42
2025-05-30,7d,6,0.003767104070015348,0.006424263119697571,0.0,1,1,0,42
2025-05-31,7d,6,0.009342020816391239,0.00593799352645874,0.0,1,1,0,42
2025-06-01,7d,6,0.0013397450018186596,-0.009600237011909485,0.0,1,0,0,42
2025-06-02,7d,6,0.041674598585860645,-0.027153491973876953,0.0,1,0,0,42
2025-06-03,7d,6,0.04576166793969727,-0.035470202565193176,0.0,1,0,0,42
2025-06-04,7d,6,0.03775962661836085,-0.03378215432167053,0.0,1,0,0,42
2025-06-05,7d,6,0.04285563096949763,-0.02741934359073639,0.0,1,0,0,42
2025-06-06,7d,6,0.01629101829641222,-0.009100735187530518,0.0,1,0,0,42
2025-06-07,7d,6,-0.0013560375181229656,-0.011340752243995667,0.0,0,0,0,42
2025-06-08,7d,6,-0.002283927282673792,-0.014842309057712555,0.0,0,0,0,42
2025-06-09,7d,6,-0.031709254624266325,-0.014638826251029968,0.0,0,0,0,42
2025-06-10,7d,6,-0.05129928407475526,-0.017621338367462158,0.0,0,0,0,42
2025-06-11,7d,6,-0.03499323743836924,-0.01616014540195465,0.0,0,0,0,42
2025-06-12,7d,6,-0.011750936781907195,-0.003703698515892029,0.0,0,0,0,42
2025-06-13,7d,6,-0.026216813931204674,0.005910687148571014,0.0,0,1,0,42
2025-06-14,7d,6,-0.03048190625687941,0.024187184870243073,0.0,0,1,0,42
2025-06-15,7d,6,-0.04324770538579947,0.036803022027015686,0.0,0,1,0,42
2025-06-16,7d,6,-0.011414057879361228,0.03605363517999649,0.0,0,1,0,42
2025-06-17,7d,6,0.013809753316598616,0.024696744978427887,0.0,1,1,0,42
2025-06-18,7d,6,0.02362558217590882,0.020813696086406708,0.0,1,1,0,42
2025-06-19,7d,6,0.021738801093078353,0.009845048189163208,0.0,1,1,0,42
2025-06-20,7d,6,0.03657770495527357,0.0014893412590026855,0.0,1,1,0,42
2025-06-21,7d,6,0.04958366401944603,-0.004216998815536499,0.0,1,0,0,42
2025-06-22,7d,6,0.07326110672816166,-0.00961872935295105,0.0,1,0,0,42
2025-06-23,7d,6,0.014752750027656525,-0.01107412576675415,0.0,1,0,0,42
2025-06-24,7d,6,-0.003275491439747924,-0.02746744453907013,0.0,0,0,0,42
2025-06-25,7d,6,0.013953473818425932,-0.02009635418653488,0.0,1,0,0,42
2025-06-26,7d,6,0.025130670928384502,-0.00583195686340332,0.0,1,0,0,42
2025-06-27,7d,6,0.008832945377575285,0.0063797906041145325,0.0,1,1,0,42
2025-06-28,7d,6,0.008417925066818599,0.014342792332172394,0.0,1,1,0,42
2025-06-29,7d,6,0.007810080230784777,0.02398151159286499,0.0,1,1,0,42
2025-06-30,7d,6,0.010869575521556651,0.028617680072784424,0.0,1,1,0,42
2025-07-01,7d,6,0.03076674614801278,0.0324481725692749,0.0,1,1,0,42
2025-07-02,7d,6,0.022664429356322957,0.03670325130224228,0.0,1,1,0,42
2025-07-03,7d,6,0.057814350626767874,0.03162067383527756,0.0,1,1,0,42
2025-07-04,7d,6,0.08777446695730062,0.03651320934295654,0.0,1,1,0,42
2025-07-05,7d,6,0.0850406223195126,0.04314364492893219,0.0,1,1,0,42
2025-07-06,7d,6,0.0904866752659994,0.04071296006441116,0.0,1,1,0,42
2025-07-07,7d,6,0.10664697500378906,0.030588217079639435,0.0,1,1,0,42
2025-07-08,7d,6,0.08101782385671208,0.02599334716796875,0.0,1,1,0,42
2025-07-09,7d,6,0.06657848296667201,0.0247248113155365,0.0,1,1,0,42
2025-07-10,7d,6,0.028474181082207117,0.008457295596599579,0.0,1,1,0,42
2025-07-11,7d,6,0.004137566542072646,-0.00632496178150177,0.0,1,0,0,42
2025-07-12,7d,6,0.004298114073389758,-0.008619636297225952,0.0,1,0,0,42
2025-07-13,7d,6,-0.015239987399375154,-0.008179813623428345,0.0,0,0,0,42
2025-07-14,7d,6,-0.02010988763139665,0.019869275391101837,0.0,0,1,0,42
2025-07-15,7d,6,0.018834093508133698,0.03322695940732956,0.0,1,1,0,42
2025-07-16,7d,6,0.00013856604148987373,0.06025771051645279,0.0,1,1,0,42
2025-07-17,7d,6,-0.007727763915358454,0.07196207344532013,0.0,0,1,0,42
2025-07-18,7d,6,-0.0031129975060930626,0.06993256509304047,0.0,0,1,0,42
2025-07-19,7d,6,6.266429089962777e-05,0.06285758316516876,0.0,1,1,0,42
2025-07-20,7d,6,0.018309366391863424,0.04804538935422897,0.0,1,1,0,42
2025-07-21,7d,6,0.004129252412528039,0.025533199310302734,0.0,1,1,0,42
2025-07-22,7d,6,-0.017277873835412905,0.004117093980312347,0.0,0,1,0,42
2025-07-23,7d,6,-0.007778819766411038,-0.01191159337759018,0.0,0,0,0,42
2025-07-24,7d,6,-0.02204816229893214,-0.016042150557041168,0.0,0,0,0,42
2025-07-25,7d,7,-0.036687758631258394,-0.051468536257743835,0.0,0,0,0,42
2025-07-26,7d,7,-0.04595654192418852,-0.05373961105942726,0.0,0,0,0,42
2025-07-27,7d,7,-0.04379143023663379,-0.056815005838871,0.0,0,0,0,42
2025-07-28,7d,7,-0.02419000561336493,-0.062137000262737274,0.0,0,0,0,42
2025-07-29,7d,7,-0.032061009531248574,-0.06219082698225975,0.0,0,0,0,42
2025-07-30,7d,7,-0.023789860388193085,-0.06141817197203636,0.0,0,0,0,42
2025-07-31,7d,7,0.015020061348244074,-0.05647552013397217,0.0,1,0,0,42
2025-08-01,7d,7,0.02972677435894222,-0.044738102704286575,0.0,1,0,0,42
2025-08-02,7d,7,0.03531106620673041,-0.027787499129772186,0.0,1,0,0,42
2025-08-03,7d,7,0.04455602932503733,-0.016646377742290497,0.0,1,0,0,42
2025-08-04,7d,7,0.031802403945740076,-0.012959759682416916,0.0,1,0,0,42
2025-08-05,7d,7,0.052841988473046664,-0.008798796683549881,0.0,1,0,0,42
2025-08-06,7d,7,0.07229598445595853,-0.017584633082151413,0.0,1,0,0,42
2025-08-07,7d,7,0.007342148592619058,-0.04135480523109436,0.0,1,0,0,42
2025-08-08,7d,7,0.006081350109000683,-0.05883863940834999,0.0,1,0,0,42
2025-08-09,7d,7,0.008506344468089733,-0.06452261656522751,0.0,1,0,0,42
2025-08-10,7d,7,-0.015537219739163666,-0.05627110227942467,0.0,0,0,0,42
2025-08-11,7d,7,-0.02088017042136514,-0.06812603026628494,0.0,0,0,0,42
2025-08-12,7d,7,-0.061093026636359626,-0.07120665162801743,0.0,0,0,0,42
2025-08-13,7d,7,-0.07352863306654911,-0.06743362545967102,0.0,0,0,0,42
2025-08-14,7d,7,-0.05019067294009927,-0.053251948207616806,0.0,0,0,0,42
2025-08-15,7d,7,-0.004465698351146741,-0.03422011435031891,0.0,0,0,0,42
2025-08-16,7d,7,-0.018018546976828698,-0.02490854635834694,0.0,0,0,0,42
2025-08-17,7d,7,-0.03401046109376671,-0.0187746062874794,0.0,0,0,0,42
2025-08-18,7d,7,-0.052712593889261306,-0.014551352709531784,0.0,0,0,0,42
2025-08-19,7d,7,-0.009115595887135286,-0.013903789222240448,0.0,0,0,0,42
2025-08-20,7d,7,-0.02671351191929372,-0.01052144542336464,0.0,0,0,0,42
2025-08-21,7d,7,0.001118791330093405,-0.018214497715234756,0.0,1,0,0,42
2025-08-22,7d,7,-0.0724134005593493,-0.014786794781684875,0.0,0,0,0,42
2025-08-23,7d,7,-0.056912641826056154,-0.025343529880046844,0.0,0,0,0,42
2025-08-24,7d,7,-0.04602318897222746,-0.020381513983011246,0.0,0,0,0,42
2025-08-25,7d,7,-0.007934283381492713,-0.015379305928945541,0.0,0,0,0,42
2025-08-26,7d,7,-0.005385116353172514,-0.004643317312002182,0.0,0,0,0,42
2025-08-27,7d,7,0.004505836578061917,-0.006479218602180481,0.0,1,0,0,42
2025-08-28,7d,7,-0.01618202750501796,-0.004525434225797653,0.0,0,0,0,42
2025-08-29,7d,7,0.02066351041506098,-0.008907712996006012,0.0,1,0,0,42
2025-08-30,7d,7,0.013019484638698398,-0.0004451461136341095,0.0,1,0,0,42
2025-08-31,7d,7,0.0270786706711037,-0.004802308976650238,0.0,1,0,0,42
2025-09-01,7d,7,0.025819868255864797,-0.005905073136091232,0.0,1,0,0,42
2025-09-02,7d,7,0.002967258982659038,-0.012430604547262192,0.0,1,0,0,42
2025-09-03,7d,7,0.01997927215633566,-0.016989123076200485,0.0,1,0,0,42
2025-09-04,7d,7,0.04320612256547318,-0.010339487344026566,0.0,1,0,0,42
2025-09-05,7d,7,0.04925933357743806,-0.0023163631558418274,0.0,1,0,0,42
2025-09-06,7d,7,0.05194673012038398,-0.013178002089262009,0.0,1,0,0,42
2025-09-07,7d,7,0.038140954801150206,-0.022850770503282547,0.0,1,0,0,42
2025-09-08,7d,7,0.03010085016231634,-0.026285488158464432,0.0,1,0,0,42
2025-09-09,7d,7,0.047633951180695355,-0.03225867450237274,0.0,1,0,0,42
2025-09-10,7d,7,0.022053797656236718,-0.032626062631607056,0.0,1,0,0,42
2025-09-11,7d,7,0.014108724640200299,-0.03388851881027222,0.0,1,0,0,42
2025-09-12,7d,7,-0.0035548074080065106,-0.03639402240514755,0.0,0,0,0,42
2025-09-13,7d,7,-0.0019710726525629108,-0.028682891279459,0.0,0,0,0,42
2025-09-14,7d,7,-0.0008800326018231219,-0.021764349192380905,0.0,0,0,0,42
2025-09-15,7d,7,-0.023356317788035152,-0.016877371817827225,0.0,0,0,0,42
2025-09-16,7d,7,-0.04132622195025282,-0.018412571400403976,0.0,0,0,0,42
2025-09-17,7d,7,-0.02695900427482778,-0.025935593992471695,0.0,0,0,0,42
2025-09-18,7d,7,-0.06904650142507829,-0.02779911458492279,0.0,0,0,0,42
2025-09-19,7d,7,-0.05165606508945664,-0.027361929416656494,0.0,0,0,0,42
2025-09-20,7d,7,-0.05219420390103946,-0.01713627204298973,0.0,0,0,0,42
2025-09-21,7d,7,-0.0276087153893374,-0.00663367286324501,0.0,0,0,0,42
2025-09-22,7d,7,0.014650969951168324,0.004324909299612045,0.0,1,1,0,42
2025-09-23,7d,8,0.0182260862432988,0.025470148772001266,0.0,1,1,0,42
2025-09-24,7d,8,0.046945743039204624,0.028202775865793228,0.0,1,1,0,42
2025-09-25,7d,8,0.1066670755032002,0.020828690379858017,0.0,1,1,0,42
2025-09-26,7d,8,0.11442329342469493,0.02337418869137764,0.0,1,1,0,42
2025-09-27,7d,8,0.11618579829790532,0.013657793402671814,0.0,1,1,0,42
2025-09-28,7d,8,0.1015926477828617,0.003108751028776169,0.0,1,1,0,42
2025-09-29,7d,8,0.0904905052150653,-0.004079878330230713,0.0,1,0,0,42
2025-09-30,7d,8,0.06483912554260751,0.0015233904123306274,0.0,1,1,0,42
2025-10-01,7d,8,0.03966270502729863,0.016254402697086334,0.0,1,1,0,42
2025-10-02,7d,8,0.008487880749399102,0.029668305069208145,0.0,1,1,0,42
2025-10-03,7d,8,-0.07403632024197138,0.04661664739251137,0.0,0,1,0,42
2025-10-04,7d,8,-0.09489488339681262,0.06606705486774445,0.0,0,1,0,42
2025-10-05,7d,8,-0.06755304092892189,0.07826416194438934,0.0,0,1,0,42
2025-10-06,7d,8,-0.07600209013795056,0.09437507390975952,0.0,0,1,0,42
2025-10-07,7d,8,-0.06860950083099737,0.08194589614868164,0.0,0,1,0,42
2025-10-08,7d,8,-0.10191493381360417,0.06607674062252045,0.0,0,1,0,42
2025-10-09,7d,8,-0.11108402930612205,0.06403057277202606,0.0,0,1,0,42
2025-10-10,7d,8,-0.059591183456660146,0.06975521147251129,0.0,0,1,0,42
2025-10-11,7d,8,-0.032575454885352295,0.08137635886669159,0.0,0,1,0,42
2025-10-12,7d,8,-0.05646494678711389,0.0950281023979187,0.0,0,1,0,42
2025-10-13,7d,8,-0.040618588059206595,0.08459484577178955,0.0,0,1,0,42
2025-10-14,7d,8,-0.04103454965606157,0.074589803814888,0.0,0,1,0,42
2025-10-15,7d,8,-0.027933649947515016,0.06096039339900017,0.0,0,1,0,42
2025-10-16,7d,8,0.017411558056134924,0.039122339338064194,0.0,1,1,0,42
2025-10-17,7d,8,0.04288745781899861,0.015010256320238113,0.0,1,1,0,42
2025-10-18,7d,8,0.041450865940724,-0.006883755326271057,0.0,1,0,0,42
2025-10-19,7d,8,0.05342698168475146,-0.025468286126852036,0.0,1,0,0,42
2025-10-20,7d,8,0.031923615207020584,-0.04164799302816391,0.0,1,0,0,42
2025-10-21,7d,8,0.04129242100960151,-0.04858982563018799,0.0,1,0,0,42
2025-10-22,7d,8,0.02197743362860738,-0.03986086696386337,0.0,1,0,0,42
2025-10-23,7d,8,-0.01602783746808223,-0.029991503804922104,0.0,0,0,0,42
2025-10-24,7d,8,-0.013309066162353833,-0.024862801656126976,0.0,0,0,0,42
2025-10-25,7d,8,-0.014131910944755521,-0.017350196838378906,0.0,0,0,0,42
2025-10-26,7d,8,-0.03348247084297651,-0.00555935874581337,0.0,0,0,0,42
2025-10-27,7d,8,-0.06634988841860567,0.00868985429406166,0.0,0,1,0,42
2025-10-28,7d,8,-0.10061992383798779,0.02787761762738228,0.0,0,1,0,42
2025-10-29,7d,8,-0.0560033772792784,0.04233138635754585,0.0,0,1,0,42
2025-10-30,7d,8,-0.06467127506021375,0.05385563150048256,0.0,0,1,0,42
2025-10-31,7d,8,-0.056443723321421446,0.062247488647699356,0.0,0,1,0,42
2025-11-01,7d,8,-0.07070338469217563,0.061181191354990005,0.0,0,1,0,42
2025-11-02,7d,8,-0.053506909256064494,0.06180426850914955,0.0,0,1,0,42
2025-11-03,7d,8,-0.005170741371789522,0.06791426241397858,0.0,0,1,0,42
2025-11-04,7d,8,0.013849178692002528,0.084928959608078,0.0,1,1,0,42
2025-11-05,7d,8,-0.021451622424313754,0.08205386996269226,0.0,0,1,0,42
2025-11-06,7d,8,-0.015831949325052497,0.0809958279132843,0.0,0,1,0,42
2025-11-07,7d,8,-0.08681830590066197,0.05499488487839699,0.0,0,1,0,42
2025-11-08,7d,8,-0.0658274284414484,0.050559211522340775,0.0,0,1,0,42
2025-11-09,7d,8,-0.10067416615525648,0.047365639358758926,0.0,0,1,0,42
2025-11-10,7d,8,-0.13116193887126681,0.039678726345300674,0.0,0,1,0,42
2025-11-11,7d,8,-0.09756156022038165,0.050624724477529526,0.0,0,1,0,42
2025-11-12,7d,8,-0.10030371428694385,0.05724552646279335,0.0,0,1,0,42
2025-11-13,7d,8,-0.1310523811915718,0.048405829817056656,0.0,0,1,0,42
2025-11-14,7d,8,-0.09859448674521232,0.03001197800040245,0.0,0,1,0,42
2025-11-15,7d,8,-0.11408567465810915,0.011078942567110062,0.0,0,1,0,42
2025-11-16,7d,8,-0.07827881751348398,-0.021608397364616394,0.0,0,0,0,42
2025-11-17,7d,8,-0.04151538308057945,-0.05081798508763313,0.0,0,0,0,42
2025-11-18,7d,8,-0.06032331617784503,-0.07105278968811035,0.0,0,0,0,42
2025-11-19,7d,8,-0.010360408030751223,-0.08712022006511688,0.0,0,0,0,42
2025-11-20,7d,8,0.05371550948819648,-0.0883718729019165,0.0,1,0,0,42
2025-11-21,7d,8,0.0684984255768295,-0.07275420427322388,0.0,1,0,0,42
2025-11-22,7d,9,0.07328433159606051,0.01348402351140976,0.0,1,1,0,42
2025-11-23,7d,9,0.041349050912511176,0.006941273808479309,0.0,1,1,0,42
2025-11-24,7d,9,-0.022079752663862307,-0.013327542692422867,0.0,0,0,0,42
2025-11-25,7d,9,0.04589221130109933,-0.021048344671726227,0.0,1,0,0,42
2025-11-26,7d,9,0.033246705541718935,-0.013086427003145218,0.0,1,0,0,42
2025-11-27,7d,9,0.009379925316623794,-0.018021881580352783,0.0,1,0,0,42
2025-11-28,7d,9,-0.016844700647019817,-0.01586483046412468,0.0,0,0,0,42
2025-11-29,7d,9,-0.017384174511620665,-0.021541550755500793,0.0,0,0,0,42
2025-11-30,7d,9,0.00012531900167944698,-0.02698594331741333,0.0,1,0,0,42
2025-12-01,7d,9,0.050029590482028485,-0.02636723220348358,0.0,1,0,0,42
2025-12-02,7d,9,0.014685329277969172,-0.02392715960741043,0.0,1,0,0,42
2025-12-03,7d,9,-0.01611135191331392,-0.04447728395462036,0.0,0,0,0,42
2025-12-04,7d,9,0.0040124204180249645,-0.04183676838874817,0.0,1,0,0,42
2025-12-05,7d,9,0.009874464597841914,-0.04493921250104904,0.0,1,0,0,42
2025-12-06,7d,9,0.011496680104007506,-0.04695950075984001,0.0,1,0,0,42
2025-12-07,7d,9,-0.0246717010363533,-0.05358673632144928,0.0,0,0,0,42
2025-12-08,7d,9,-0.04656236117630608,-0.05430653691291809,0.0,0,0,0,42
2025-12-09,7d,9,-0.05229946144557318,-0.03157508745789528,0.0,0,0,0,42
2025-12-10,7d,9,-0.06386793224130949,-0.016533710062503815,0.0,0,0,0,42
2025-12-11,7d,9,-0.07619420964542267,-0.0025570839643478394,0.0,0,0,0,42
2025-12-12,7d,9,-0.02400599656604685,0.007590688765048981,0.0,0,1,0,42
2025-12-13,7d,9,-0.02164716325632765,0.014209985733032227,0.0,0,1,0,42
2025-12-14,7d,9,0.005064580691331422,0.013797327876091003,0.0,1,1,0,42
2025-12-15,7d,9,0.023955561389482183,0.011558428406715393,0.0,1,1,0,42
2025-12-16,7d,9,-0.00489486420793972,-0.0023388266563415527,0.0,0,0,0,42
2025-12-17,7d,9,0.017043639171113067,-0.03358318656682968,0.0,1,0,0,42
2025-12-18,7d,9,0.02073698069904739,-0.05376391112804413,0.0,1,0,0,42
2025-12-19,7d,9,-0.009102410139082862,-0.06575317680835724,0.0,0,0,0,42
2025-12-20,7d,9,-0.006133339558996642,-0.06639707833528519,0.0,0,0,0,42
2025-12-21,7d,9,-0.008868184869966989,-0.040219761431217194,0.0,0,0,0,42
2025-12-22,7d,9,-0.015277147262906299,-0.017047740519046783,0.0,0,0,0,42
2025-12-23,7d,9,0.011624371525156052,-0.001734033226966858,0.0,1,0,0,42
2025-12-24,7d,9,-0.0011771544820640134,0.024507522583007812,0.0,0,1,0,42
2025-12-25,7d,9,0.017163370349417395,0.054246798157691956,0.0,1,1,0,42
2025-12-26,7d,9,0.0302774609128591,0.08272403478622437,0.0,1,1,0,42
2025-12-27,7d,9,0.03190162257547069,0.09576745331287384,0.0,1,1,0,42
2025-12-28,7d,9,0.040731168683197705,0.12197105586528778,0.0,1,1,0,42
2025-12-29,7d,9,0.07739910461854649,0.1379575878381729,0.0,1,1,0,42
2025-12-30,7d,9,0.05992186451574533,0.11956088244915009,0.0,1,1,0,42
2025-12-31,7d,9,0.04341535184396572,0.09287667274475098,0.0,1,1,0,42
2026-01-01,7d,9,0.02586599005044521,0.055061712861061096,0.0,1,1,0,42
2026-01-02,7d,9,0.0063195083159173215,0.03796585649251938,0.0,1,1,0,42
2026-01-03,7d,9,-0.0023899717932108766,0.02283475548028946,0.0,0,1,0,42
2026-01-04,7d,9,-0.006410774120717111,-0.005200892686843872,0.0,0,0,0,42
2026-01-05,7d,9,-0.028648160554988644,0.01147325336933136,0.0,0,1,0,42
2026-01-06,7d,9,0.016993134131000565,0.006186164915561676,0.0,1,1,0,42
2026-01-07,7d,9,0.06156382869768384,0.004383400082588196,0.0,1,1,0,42
2026-01-08,7d,9,0.04970015805728245,0.009165182709693909,0.0,1,1,0,42
2026-01-09,7d,9,0.05537337179346524,0.004606671631336212,0.0,1,1,0,42
2026-01-10,7d,9,0.05214568212205695,-0.004452034831047058,0.0,1,0,0,42
2026-01-11,7d,9,0.03090440623383195,-0.0034615471959114075,0.0,1,0,0,42
2026-01-12,7d,9,0.01492002323712005,-0.00536685436964035,0.0,1,0,0,42
2026-01-13,7d,9,-0.0735495592724249,-0.010219290852546692,0.0,0,0,0,42
2026-01-14,7d,9,-0.07791622343405158,-0.010159239172935486,0.0,0,0,0,42
2026-01-15,7d,9,-0.0637222261104814,-0.0021133720874786377,0.0,0,0,0,42
2026-01-16,7d,9,-0.06303307826025795,0.007583171129226685,0.0,0,1,0,42
2026-01-17,7d,9,-0.06297783827700965,0.013959921896457672,0.0,0,1,0,42
2026-01-18,7d,9,-0.07542322798429768,0.03143814206123352,0.0,0,1,0,42
2026-01-19,7d,9,-0.046313200291047574,0.05333609879016876,0.0,0,1,0,42
2026-01-20,7d,9,0.008964510682959892,0.06443069875240326,0.0,1,1,0,42
